name,location,price,capacity,rating,reviews,description
Atlanta Botanical Garden,"Atlanta, GA",$$$,151-200 Guests,4.7,21,"An urban oasis nestled in the heart of Midtown, this property offers lush lawns, verdant tropical foliage."
Monday Night Brewing: The Garage,Metro Atlanta,$$,300+ Guests,4.9,14,A charming and inviting private event space with high ceilings and ample natural light.
Factory Atlanta,"Atlanta, GA",$$$,300+ Guests,5,6,An industrial-meets-chic property perfect for couples who love to get creative.
Journeyman's Hall,"Atlanta, GA",$$,151-200 Guests,5,3,"A wedding venue located in South Downtown Atlanta, offering custom wedding creation."
Ambient + Studio,"Atlanta, GA",$$,251-300 Guests,4.4,9,A unique wedding venue built in 1910 with over 100 years of history.
Park Tavern: The Piedmont Room & Piedmont Garden Tent,Georgia,$$,251-300 Guests,4.7,132,"Celebrates Atlanta with city skylines and seasonal colors, offering indoor and outdoor spaces."
The Kimpton Shane,"Atlanta, GA",$$$,51-100 Guests,0,0,A boutique hotel specializing in weddings and events with stunning architecture.
Hyatt Regency Atlanta Perimeter at Villa Christina,"Atlanta, GA",$$$,300+ Guests,4.6,63,A hotel surrounded by 83 acres of landscaped gardens with captivating views.
Wahoo! Grill,"Decatur, GA",$$,201-250 Guests,5,100,"A full-service venue for weddings, receptions, and rehearsal dinners with outstanding staff."
Ecco Buckhead,"Atlanta, GA",$$$,300+ Guests,0,0,An elegant restaurant venue in Buckhead perfect for weddings and bridal events.
FORTH Hotel Atlanta,"Atlanta, GA",$$$$,201-250 Guests,0,0,A luxury venue with an elegant ballroom and state-of-the-art facilities.
The White Bull,"Decatur, GA",$$,51-100 Guests,0,0,A restaurant specializing in Italian farm-to-table cuisine with event space.
Emory Conference Center Hotel,"Atlanta, GA",$$,300+ Guests,4.8,41,An elegant venue offering versatility and unique surroundings near the airport.
Grana,"Atlanta, GA",$$,151-200 Guests,5,1,Provides authentic Southern Italian cuisine in a warm setting with three event levels.
Historic DeKalb Courthouse,"Decatur, GA",$$,101-150 Guests,4.9,92,An elegant courthouse with white marble and 20-foot ceilings for weddings.
SCAD Ivy Hall,"Atlanta, GA",$$,101-150 Guests,4.5,4,A historic wedding venue originally constructed in 1883 with historic architecture.
Callanwolde Fine Arts Center,"Atlanta, GA",$$$,151-200 Guests,4.6,38,A unique venue with a century-long legacy in the Druid Hills neighborhood.
The Wimbish House,"Atlanta, GA",$$,201-250 Guests,4.9,85,"A Victorian-era home in Midtown, a historic destination for weddings."
The Marianna at Wrecking Bar Brewpub,"Atlanta, GA",$$,201-250 Guests,5,9,A historic mansion with Victorian-era architecture in the heart of Atlanta.
Grand Hyatt Atlanta in Buckhead,"Atlanta, GA",$$$,300+ Guests,5,4,An urban retreat with luxury and Southern charm in Buckhead.
Renaissance Atlanta Midtown Hotel,Midtown Atlanta,$$$,300+ Guests,5,2,"Located in the arts and music district, perfect for exploring local attractions."
Epicurean Hotel Atlanta,"Atlanta, GA",$$$,101-150 Guests,5,3,A luxe venue inspired by modern architecture for dazzling weddings.
Intercontinental Buckhead Atlanta,"Atlanta, GA",$$$,300+ Guests,5,8,"Combines classic charm with modern luxury, designed for relaxation and awe."
The Westside Warehouse,"Atlanta, GA",$$,201-250 Guests,5,37,A converted warehouse with cathedral ceilings in a creative district.
42West Entertainment Group,"Atlanta, GA",$$$,251-300 Guests,5,6,Offers a blend of industrial modernity and refined elegance for events.
Waldorf Astoria Atlanta Buckhead,"Atlanta, GA",$$$$,51-100 Guests,4.9,7,Luxury venue in a prestigious neighborhood with Southern charm.
THE TROLLEY BARN,"Atlanta, GA",$$,201-250 Guests,4.2,41,"An 1889 structure with hardwood floors, patio, and garden area."
Omni Atlanta Hotel at Centennial Park,"Atlanta, GA",,300+ Guests,0,0,"Located in downtown across from Centennial Olympic Park, ideal for weddings."
Hotel Colee,"Atlanta, GA",$$$,251-300 Guests,0,0,Awarded hotel offering celebration spaces with modern redevelopment.
Swan Coach House,"Atlanta, GA",$$,101-150 Guests,5,7,"An elegant historic space in Buckhead, part of the Inman family estate."
Enon Ranch,"Atlanta, GA",$$,251-300 Guests,5,2,"Enon Ranch is a beautiful wedding venue located in Atlanta, GA, offering a rustic event space with countryside views."
Pristine Chapel Lakeside,"Jonesboro, GA",$$,251-300 Guests,4.8,103,"Pristine Chapel Lakeside is a luxe ceremony and reception venue in Jonesboro, GA, offering sweeping views and virtual tours."
Stanley House Mansion,"Marietta, GA",$$,101-150 Guests,5,48,"Stanley House Mansion is a historic wedding venue in Marietta, GA, exuding classic Southern charm and history."
Brick and Ivey,"Marietta, GA",$$,151-200 Guests,5,100,"Brick and Ivey is a modern wedding venue in Marietta, GA, featuring exposed brick walls and multiple event spaces."
The Atrium,"Norcross, GA",$$,101-150 Guests,4.9,151,"The Atrium is a contemporary wedding venue in Norcross, GA, with a mezzanine level overlooking a glass atrium."
Naylor Hall,"Roswell, GA",$$,201-250 Guests,5,173,"Naylor Hall is a historic wedding venue in Roswell, GA, recently renovated with a grand and elegant atmosphere."
Roswell Historic Hall,"Roswell, GA",$$,300+ Guests,4.3,49,"Roswell Historic Hall is a versatile event venue in Roswell, GA, accommodating various events including weddings and corporate functions."
Primrose Cottage,"Roswell, GA",$$,300+ Guests,4.9,272,"Primrose Cottage is an enchanting wedding venue in Roswell, GA, situated on a historic lawn with a three-story home."
Kimball Hall,"Roswell, GA",$$,151-200 Guests,5,162,"Kimball Hall is a newly renovated wedding venue in Roswell, GA, offering indoor and outdoor ceremony sites and a courtyard."
Vecoma At The Yellow River,"Snellville, GA",$$,251-300 Guests,4.9,199,"Vecoma at the Yellow River is an all-inclusive wedding venue in Snellville, GA, set on 70 acres of forest along the Yellow River."
Flint Hill,"Norcross, GA",$$,251-300 Guests,4.8,205,"Flint Hill is a historic mansion in Norcross, GA, featuring a covered pavilion and landscaped grounds."
Ivy Hall,"Roswell, GA",$$$,201-250 Guests,4.9,89,"Ivy Hall is a historic wedding venue in Roswell, GA, offering a blend of Southern history and modern amenities."
Roswell Mill Club,"Roswell, GA",$$,151-200 Guests,4.8,41,"Roswell Mill Club is a historic wedding venue in Roswell, GA, offering a unique and cherished piece of Southern history."
Country Club of Roswell,"Roswell, GA",$$,201-250 Guests,4.7,23,"Country Club of Roswell is a versatile wedding venue in Roswell, GA, accommodating both intimate and large celebrations."
Little Gardens,"Lawrenceville, GA",$$,251-300 Guests,4.9,215,"Little Gardens is a serene wedding venue in Lawrenceville, GA, featuring a manor house and lush grounds."
Olde Towne Special Events,"Atlanta, GA",$$,251-300 Guests,5,66,"Olde Towne Special Events is a full-service wedding venue in Atlanta, GA, offering a stylish backdrop for celebrations."
The 173 Carlyle House,"Norcross, GA",$$,300+ Guests,4.8,109,"The 173 Carlyle House is a historic mansion in Norcross, GA, offering elegant rooms and manicured grounds."
Whitestone Reserve,"Austell, GA",$$,101-150 Guests,5,21,"Whitestone Reserve is a modern wedding venue in Austell, GA, featuring chandeliers and natural lighting."
The Foxglove,"Marietta, GA",$$,300+ Guests,5,3,"The Foxglove is a characterful wedding venue in Marietta, GA, located in the historic district."
Brumby Hall & Gardens,"Marietta, GA",$$,151-200 Guests,4,2,"Brumby Hall & Gardens is a historic wedding venue in Marietta, GA, surrounded by meticulously kept gardens."
The Reserves at Hamilton Homes,"Mableton, GA",$$$,101-150 Guests,5,1,"The Reserves at Hamilton Homes is a wedding venue in Mableton, GA, offering sunset views and a spiral staircase."
Eden Garden House,"Lithonia, GA",$$$,151-200 Guests,5,1,"Eden Garden House is a wedding venue in Lithonia, GA, featuring a garden house facility with renovations for special events."
Huntcliff River Club,"Atlanta, GA",$$,101-150 Guests,4.9,30,"Huntcliff River Club is a wedding venue in Atlanta, GA, surrounded by river oaks and near the Chattahoochee River."
Chattahoochee Nature Center,"Roswell, GA",$$,151-200 Guests,4.8,38,"Chattahoochee Nature Center is a wedding venue in Roswell, GA, offering a natural and serene environment."
The Cotton Gin at Mill Creek,"Hiram, GA",$$,151-200 Guests,5,96,"The Cotton Gin at Mill Creek is an all-inclusive wedding venue in Hiram, GA, offering a proven planning experience."
Ashton Gardens Atlanta by Walters Wedding Estates,"Sugar Hill, GA",$$$,251-300 Guests,4.8,477,"Ashton Gardens Atlanta is a premier wedding venue in Sugar Hill, GA, featuring a glass chapel and lush grounds."
Conservatory at Waterstone,"Acworth, GA",$$,201-250 Guests,4.9,102,"Conservatory at Waterstone is a historic banquet hall in Acworth, GA, offering all-inclusive wedding solutions."
Little River Farms,"Alpharetta, GA",$$,201-250 Guests,4.9,188,"Little River Farms is a peaceful wedding venue in Alpharetta, GA, offering a retreat from the city."
The Wildflower Barn at Little River Farms,"Alpharetta, GA",$,101-150 Guests,5,81,"The Wildflower Barn at Little River Farms is a historic barn in Alpharetta, GA, perfect for intimate weddings."
SomeTheme Weddings & Events,Metro Atlanta and Surrounding Areas,$$$,51-100 Guests,5,6,SomeTheme Weddings & Events is a wedding venue in Metro Atlanta offering timeless elegance with large windows.
Venue 92,"Woodstock, GA",$$,151-200 Guests,4.9,89,Outdoor Event Space
Payne Corley House,"Duluth, GA",$$,151-200 Guests,5,190,Outdoor Event Space
Foxhall Resort,"Douglasville, GA",$$$,201-250 Guests,4.2,63,Outdoor Event Space
The Grande At Kennesaw,"Kennesaw, GA",$$,201-250 Guests,4,10,Outdoor Event Space
TPC Sugarloaf,"Duluth, GA",$$$,201-250 Guests,5,36,Outdoor Event Space
Douglasville Conference Center,"Douglasville, GA",$$,300+ Guests,3,1,Outdoor Event Space
Governors Towne Club,"Acworth, GA",$$,201-250 Guests,4.2,13,Outdoor Event Space
Genesis Ballroom,"Suwanee, GA",$$,251-300 Guests,5,0,Outdoor Event Space
Vines Mansion & Gardens,"Loganville, GA",$$,300+ Guests,4.6,31,Outdoor Event Space
Kite Manor Events & Studio,"Fayetteville, GA",$$$,51-100 Guests,5,0,Outdoor Event Space
Atlanta Marriott Alpharetta,"Alpharetta, GA",$$,300+ Guests,5,2,Outdoor Event Space
Hazlehurst House,"McDonough, GA",$$,251-300 Guests,4.8,54,Outdoor Event Space
Cherry Hollow Farm,"Chattahoochee Hills, GA",$$,151-200 Guests,5,6,Outdoor Event Space
Hilton Alpharetta Atlanta,"Alpharetta, GA",$$,251-300 Guests,5,1,Outdoor Event Space
St Ives Country Club,"Johns Creek, GA",$$$,201-250 Guests,4.7,14,Outdoor Event Space
Breckinridge Banquet Hall,"Duluth, GA",$$,101-150 Guests,4.8,27,Outdoor Event Space
Atlanta Cosmopolitan Event Center,"Douglasville, GA",$$,300+ Guests,0,0,Outdoor Event Space
The Wheeler House and Barn,"Ball Ground, GA",$$,251-300 Guests,4.9,117,Outdoor Event Space
Carl House,"Auburn, GA",$$$,201-250 Guests,4.8,185,Outdoor Event Space
Koury Farms Weddings & Events,"Auburn, GA",$$,151-200 Guests,5,110,Outdoor Event Space
Vinewood Stables,"Newnan, GA",$$$,201-250 Guests,4.9,88,Outdoor Event Space
The Venue at Stillwater Pond,"Temple, GA",$$,151-200 Guests,5,0,Outdoor Event Space
Lanier Islands Weddings,"Buford, GA",$$$,300+ Guests,4.7,170,Outdoor Event Space
Lillian Gardens,"Newnan, GA",$$$,151-200 Guests,5,37,Outdoor Event Space
In The Woods,"Rockmart, GA",$$$,201-250 Guests,5,23,Outdoor Event Space
The Engine Room,"Monroe, GA",$$,300+ Guests,4.9,32,Outdoor Event Space
Bradford House and Gardens,"Flowery Branch, GA",$$,101-150 Guests,5,42,Outdoor Event Space
Four Oaks Manor,"Buford, GA",$$,101-150 Guests,4.7,50,Outdoor Event Space
Hi-Def Events,"Newnan, GA",$$,251-300 Guests,5,11,Outdoor Event Space
Mystic Acres Barn,"Griffin, GA",$$,251-300 Guests,0,0,Outdoor Event Space
The Gathering at Golden Creek,"Bremen, GA",$$$,201-250 Guests,0,0,"Situated on 23 acres of peaceful property, The Gathering at Golden Creek is a wedding venue located in Bremen, GA. The numerous event spaces throughout this venue make it the perfect place to celebrate."
Fendley Farmstead LLC,"Canton, GA",$$,151-200 Guests,5,114,"Fendley Farmstead, LLC is a picturesque farm wedding venue located in Canton, GA. Nestled in the scenic countryside of rural Georgia, this estate provides historic settings and expansive pastures for your special day."
Cherokee County Conference Center @ The Bluffs,"Canton, GA",$$,251-300 Guests,5,3,"Over 8,000 sq ft of conference space, Four configurable conference floor areas, Sutali Room (75 Dining Seats), Warluskee Room (150 Dining Seats), Sequoyah Room (275 Dining Seats), Advanced technology."
"The Venue at Sharp Mountain, LLC","Jasper, GA",$$$,251-300 Guests,5,54,"Voted The Knot Best of Weddings, WeddingWire Couples' Choice, and Georgia Business Journal Best of Regional winner. The Venue at Sharp Mountain, LLC is a wedding and events venue located in Jasper, GA."
Harrells Vineyard,"Newnan, GA",$$,300+ Guests,5,0,"Harrell’s Vineyard is a serene and picturesque wedding venue in Newnan, GA. Nestled on 30 acres just outside of Atlanta, this family-owned vineyard blends history, natural beauty, and Southern charm."
The Farm At Rivers Edge,"Dawsonville, GA",$$,51-100 Guests,5,0,"Nestled in the heart of Dawsonville, GA, The Farm at River’s Edge is the perfect destination for an unforgettable river wedding. Spanning 32 acres of breathtaking farmland."
Sage Cottage,"Adairsville, GA",$$,151-200 Guests,4.6,11,"Where Cozy Cottage Charm Meets Timeless Elegance. Welcome to Sage Cottage, the premier wedding venue in North Georgia, where your dream wedding becomes a reality. On 13 picturesque, wooded acres."
The Willows Farm,"Marble Hill, GA",$$,201-250 Guests,5,96,"Located in Marble Hill, GA, The Willows Farm is a country event venue that hosts weddings and other special occasions. This picturesque property is nestled in the rolling hills of Georgia, amid 300 pastures."
White Laurel Estate,"Dawsonville, GA",$$$,151-200 Guests,5,39,White Laurel Estate is a former equestrian farm now transformed into a beautiful wedding venue with onsite accommodations and fully customizable all-inclusive packages. Situated just outside of Atlanta.
The Georgia Club,"Statham, GA",$$$,251-300 Guests,4.8,5,"The Georgia Club is a one-of-a-kind wedding venue in Statham, GA. An outdoor wedding garden, an indoor ceremony location, two reception venues with customizable floor plans for up to 300 people."
Beautiful Beginnings Farm,"Newborn, GA",$,101-150 Guests,5,133,Hello everyone. We are pleased to introduce ourselves to you. Our names are David and Lisa. We are a happily married couple and the owners of Beautiful Beginnings Farm. The peculiarity of our wedding venue is the unique combination of rustic charm and elegance.
The Tate House,"Tate, GA",$$$,201-250 Guests,4.9,34,"The Tate House is a historic wedding venue situated in Tate, GA, an hour's drive from downtown Atlanta. First built in 1921, this mansion is constructed with Etowah pink marble, giving it a breathtaking appearance."
Spring Lake Events,"Rockmart, GA",$$,151-200 Guests,5,20,The calm waters of our beautiful lake and the wispy willow trees framed in cattails will take your breath away at Spring Lake. Imagine candles on the lake and wind chimes in the trees as you sit in our serene environment.
Magnolia Creek Farms,"Adairsville, GA",$$$,300+ Guests,5,5,"Located in Adairsville, GA, Magnolia Creek Farms is a countryside setting ideal for weddings and special occasions. This venue features 170 acres of tranquil grounds and is nestled in the scenic foothills of the Appalachian Mountains."
Downtown Moreland Mill,"Moreland, GA",$$,151-200 Guests,5,2,"Downtown Moreland Mill is a wedding and events venue located in Moreland, GA. Home to the Moreland Hometown Heritage Museum, this setting is rich with historic, old-world charm. The onsite team knows how to make your event special."
Barn South,"Talmo, GA",$$,201-250 Guests,5,11,"Welcome to Barn South. We think you'll feel at home here. Located north of Atlanta in Talmo, GA, Barn South exemplifies a luxury Southern destination with natural character. Crafted by the vision of our team, this venue offers a unique blend of rustic elegance and modern amenities."
Swan Lake Overlook,"Dawsonville, GA",$$$,251-300 Guests,5,11,"Nestled in the countryside of Dawsonville, GA, Swan Lake Overlook is a modern and elegant wedding venue. The estate sits on over 200 acres of gorgeous natural landscape and is home to many exciting amenities for your special day."
Gaithers at Myrtle Creek Farm,"Covington, GA",$$,151-200 Guests,5,3,"Located in the rolling hills of Covington, GA, in Southern Newton County sits Gaither's at Myrtle Creek Farm, a historic setting for weddings and other special events. This county-owned venue exudes rustic charm and natural beauty."
Autumn Oaks of Winder,"Winder, GA",$$,101-150 Guests,5,2,"In the heart of Winder, GA, sits a charming wedding venue, perfect for hosting your celebration. Autumn Oaks of Winder is owned by Charles Howard, who envisioned a space where loved ones could gather to create lasting memories."
"Thompson House & Gardens, 9 Oaks Farm, & 2425 Warehouse","Bogart, GA",$$,151-200 Guests,4.9,68,"We offer three beautiful venues: The Thompson House and Gardens which is a stunning vintage Victorian home built in 1888 in Bogart, Georgia. The Thompson House and Gardens embraces nature and elegance, providing a perfect backdrop for your wedding day."
Hightower Falls,"Cedartown, GA",$$,251-300 Guests,4.9,92,"Always dreamed of a waterfall wedding? Hightower Falls is a picturesque wedding venue located in Cedartown, Georgia. With a natural 80 ft. waterfall and a historic 1850's gristmill ruins, this venue offers a unique and breathtaking setting for your special day."
The Sixty Two,"Atlanta, GA",$$,151-200 Guests,5,1,"The Sixty Two is a unique wedding venue in Atlanta, GA, that sets the stage for the celebration of a lifetime. The venue offers a luxurious space where you and your guests can make magical memories as you celebrate your love."
2400 On The River,"Ranger, GA",$$$,201-250 Guests,4.9,35,"2400 On The River is a rustic riverfront wedding venue located near Calhoun, GA. Surrounded by the foothills of the Appalachian Mountains and overlooking the Coosawattee River, this peaceful retreat offers a serene and picturesque setting for your wedding day."
The Chapel Athens,"Athens, GA",$$$,251-300 Guests,5,17,"Situated in Athens, GA, The Chapel Athens is a pristine downtown estate for weddings, engagements, and anniversaries. Your event can be a fairytale dream come true with various indoor and outdoor event spaces available."
Juliette Chapel,"Dahlonega, GA",$$,51-100 Guests,5,36,"Juliette Chapel & Events in Dahlonega, GA is a wedding venue ideal for intimate affairs. Couples looking to host smaller, private celebrations will be interested in this space. It is also ideal for elopements and vow renewals."
1051 Baxter,"Athens, GA",$$,251-300 Guests,5,1,"1051 Baxter is a brand new events facility in the heart of Athens, GA. The 6000 square foot venue can host weddings and gatherings for up to 300 depending on the event type and requirements. Ceremonies can be held indoors or outdoors."
Twin Ponds at Riverbend,"Plainville, GA",$$,151-200 Guests,5,1,"Twin Ponds at Riverbend is a breathtaking wedding venue in Plainville, GA, setting the stage for couples to create unforgettable memories. This property and its staff provide guests with a relaxed and picturesque environment for their celebration."
"Bogle Farm, LLC","Greenville, GA",$$$,251-300 Guests,4.9,45,"Located in Greenville, GA, Bogle Farm, LLC is an award-winning, idyllic wedding venue. Over 13 years, this venue has provided a micro-resort for guests to enjoy, offering access to nature and a sense of seclusion for your special day."
Falling Waters Mountain Lodge,"Ellijay, GA",$,0-50 Guests,5,1,"Falling Waters Mountain Lodge in Ellijay, GA is a rural retreat and wedding venue. Located only a 12-minute drive from Ellijay’s downtown and 90 minutes from Atlanta, this property is located in a secluded area surrounded by natural beauty."
Summit Farm Weddings,"Ellijay, GA",$$,101-150 Guests,4.9,112,"Up in the serene Blue Ridge Mountains of Ellijay, GA, sits Summit Farm Weddings, an enchanting countryside event venue with a panoramic view of the Appalachian Mountains. The property is owned and operated by a family dedicated to making your wedding day unforgettable."
255 Milledge | Hardeman-Sams Estate,"Athens, GA",$$$,151-200 Guests,4.9,118,"Nestled in the heart of Athens, Georgia, our historic venue offers extraordinary celebrations."
Ivy & Oak,"Talking Rock, GA",$$,151-200 Guests,5,35,A chic and elegant barn venue with indoor and outdoor spaces.
Ott Vineyards and Winery,"Ellijay, GA",,Outdoor Event Space,0,0,A family-owned vineyard with panoramic views on 20 acres.
Strawberry Roan Farm's Barn,"Dahlonega, GA",$$,101-150 Guests,5,1,A rustic-chic barn perfect for weddings.
Georgian Hall,"Athens, GA",$$$,201-250 Guests,5,103,An elegant historic venue ideal for ceremonies and receptions.
27 on Park,"Dahlonega, GA",$$$,51-100 Guests,5,3,A boutique hotel offering serenity and city charm.
The Venue on Broad,"Athens, GA",$$,201-250 Guests,5,4,Fuses an old New Orleans vibe with industrial architecture.
Taylor Estate,"Rome, GA",$$$,Up to 350 Guests,5,2,Elegant venue with bi-fold doors for indoor-outdoor events.
The Falls at Blue Ridge,"Ellijay, GA",$$$$,251-300 Guests,4.3,4,Stunning mountain views with indoor and outdoor spaces.
CeNita Venue at CeNita Vineyards & Winery,"Cleveland, GA",$$,151-200 Guests,5,73,Overlooks vineyards with a tasting room and lodging.
South Elm Events,"Commerce, GA",$$,101-150 Guests,5,1,Offers a fairytale-like setting for weddings.
Cloverleaf Farm,"Arnoldsville, GA",$$,300+ Guests,4.9,72,A unique farm setting for weddings and events.
Yonah Mountain Vineyards,"Cleveland, GA",$$$,201-250 Guests,4.9,49,A charming vineyard for romantic weddings.
Grant Hill Farms,"Commerce, GA",$$,201-250 Guests,5,68,A peaceful farmland venue for weddings.
Cormiston Farms,"Clarkesville, GA",$$$,101-150 Guests,5,4,A scenic country venue in the Nacoochee Valley.
Fall Line Station,"Macon, GA",$$$,300+ Guests,4.9,13,An industrial-chic venue with included amenities.
Enotah Valley Event Center,"Blairsville, GA",$$,51-100 Guests,5,5,A rustic setting for intimate weddings.
McEachin Farm,"Danielsville, GA",$$,101-150 Guests,5,2,A stunning venue for creating memories.
Butler Hall Events,"Gray, GA",$$,201-250 Guests,5,1,A historic venue with modern facilities.
Brasstown Valley Resort & Spa,"Young Harris, GA",$$$,151-200 Guests,4.9,79,"Offers mountain views, golf, and a spa."
Overlook 55,"Young Harris, GA",$$$$,151-200 Guests,5,7,Blends rustic charm with timeless elegance.
Walnut Hill Farm,"Dalton, GA",$$,300+ Guests,4.8,16,Classic Southern elegance with mountain views.
The Estate at Stone Creek,"Macon, GA",$$,201-250 Guests,4.8,5,Set on 100 acres with a historic building.
Lake Rabun Hotel & Restaurant,"Lakemont, GA",$$,101-150 Guests,5,2,Features a cozy event center with fireplaces.
Currahee Club,"Toccoa, GA",$$$,101-150 Guests,5,10,Offers serene lake and mountain views.
The Ridges Resort on Lake Chatuge,"Hiawassee, GA",$$$,201-250 Guests,4.9,46,A lakeside resort with a grand ballroom.
Bend of The River,"Hiawassee, GA",$$,,0,0,A tranquil venue with a 100-foot waterfall.
Rustic Vows,"Mineral Bluff, GA",$$,51-100 Guests,0,0,An idyllic barn-style setting for weddings.
Meadows at Mossy Creek,"Cleveland, GA",$$$$,251-300 Guests,5,39,A stylish and contemporary wedding venue.
The Dogwood Barn at G5Ranch,"Milledgeville, GA",$$$,300+ Guests,5,16,A premier rustic barn for romantic events.
Hawkesdene,"Andrews, NC",$$$,101-150 Guests,5,58,"A Private Mountain Estate located in Andrews, NC, in the mountains of Western North Carolina."
Tryphena's Garden,"Fort Valley, GA",$$,151-200 Guests,4.9,18,A fairytale-like wedding and events venue near Atlanta and Macon.
Splendor Mountain,"Tiger, GA",$$,51-100 Guests,4.7,27,A perfect venue for an intimate wedding ceremony and reception in the Blue Ridge Mountains.
Cloudland at McLemore Resort,"Rising Fawn, GA",$$$,251-300 Guests,4.2,6,"A magical escape offering breathtaking views at 2,300 feet above sea level."
Skull Shoals Park,"Washington, GA",$$,300+ Guests,0,0,An outdoor venue with numerous options for couples surrounded by nature.
Tiger Mountain Vineyards,"Tiger, GA",$$$,101-150 Guests,5,1,A charming boutique winery offering a romantic vineyard backdrop.
Windsong Willows,"Hayesville, NC",$$,101-150 Guests,5,3,A charming new wedding venue designed for an authentic nature-based experience.
Kingsland Farm,"Hawkinsville, GA",$$,151-200 Guests,5,1,A picturesque and reclusive wedding venue surrounded by rural beauty.
Forest Hill Park,"Perry, GA",$$,51-100 Guests,4.9,21,"Features a white chapel, train car, and covered bridge for a picturesque wedding."
The Icehouse Dublin,"Dublin, GA",$$,300+ Guests,0,0,"A unique, restored historic warehouse blending Southern and urban styles."
The Partridge Inn,"Augusta, GA",$$$,101-150 Guests,3.7,3,"An elegant, timelessly beautiful setting for milestone celebrations."
Padgett's Farm,"Waynesboro, GA",$$,251-300 Guests,5,1,A gorgeous setting for a country wedding on 610 acres of nature.
Augusta Marriott Hotel & Suites,"Augusta, GA",$$,300+ Guests,4.3,6,"A hotel on the Savannah River waterfront, redesigned for guest experience."
Quinney Oaks Plantation,"Millen, GA",$$,300+ Guests,4.8,18,Makes each occasion special with its event and wedding facilities.
